Name,Value (thousands),Date
New Zealand,2024,1953-01-01
New Zealand,2074,1954-01-01
New Zealand,2119,1955-01-01
New Zealand,2163,1956-01-01
New Zealand,2210,1957-01-01
New Zealand,2261,1958-01-01
New Zealand,2312,1959-01-01
New Zealand,2358,1960-01-01
New Zealand,2404,1961-01-01
New Zealand,2459,1962-01-01
New Zealand,2514,1963-01-01
New Zealand,2566,1964-01-01
New Zealand,2615,1965-01-01
New Zealand,2662,1966-01-01
New Zealand,2707,1967-01-01
New Zealand,2743,1968-01-01
New Zealand,2770,1969-01-01
New Zealand,2803,1970-01-01
New Zealand,2845,1971-01-01
New Zealand,2893,1972-01-01
New Zealand,2949,1973-01-01
New Zealand,3012,1974-01-01
New Zealand,3073,1975-01-01
New Zealand,3117,1976-01-01
New Zealand,3138,1977-01-01
New Zealand,3144,1978-01-01
New Zealand,3142,1979-01-01
New Zealand,3143,1980-01-01
New Zealand,3152,1981-01-01
New Zealand,3170,1982-01-01
New Zealand,3202,1983-01-01
New Zealand,3238,1984-01-01
New Zealand,3263,1985-01-01
New Zealand,3274,1986-01-01
New Zealand,3290,1987-01-01
New Zealand,3309,1988-01-01
New Zealand,3323,1989-01-01
New Zealand,3345,1990-01-01
New Zealand,3450,1991-01-01
New Zealand,3513,1992-01-01
New Zealand,3552,1993-01-01
New Zealand,3596,1994-01-01
New Zealand,3646,1995-01-01
New Zealand,3702,1996-01-01
New Zealand,3755,1997-01-01
New Zealand,3796,1998-01-01
New Zealand,3824,1999-01-01
New Zealand,3843,2000-01-01
New Zealand,3867,2001-01-01
New Zealand,3912,2002-01-01
New Zealand,3985,2003-01-01
New Zealand,4055,2004-01-01
New Zealand,4108,2005-01-01
New Zealand,4157,2006-01-01
New Zealand,4203,2007-01-01
New Zealand,4240,2008-01-01
New Zealand,4280,2009-01-01
New Zealand,4326,2010-01-01
New Zealand,4367,2011-01-01
New Zealand,4396,2012-01-01
New Zealand,4425,2013-01-01
New Zealand,4476,2014-01-01
New Zealand,4552,2015-01-01
New Zealand,4629,2016-01-01
New Zealand,4707,2017-01-01
New Zealand,4785,2018-01-01
New Zealand,4892,2019-01-01
New Zealand,5026,2020-01-01
New Zealand,5096,2021-01-01
Fiji,306,1950-01-01
Fiji,310,1951-01-01
Fiji,315,1952-01-01
Fiji,322,1953-01-01
Fiji,330,1954-01-01
Fiji,339,1955-01-01
Fiji,349,1956-01-01
Fiji,360,1957-01-01
Fiji,371,1958-01-01
Fiji,383,1959-01-01
Fiji,396,1960-01-01
Fiji,408,1961-01-01
Fiji,421,1962-01-01
Fiji,434,1963-01-01
Fiji,448,1964-01-01
Fiji,462,1965-01-01
Fiji,476,1966-01-01
Fiji,489,1967-01-01
Fiji,500,1968-01-01
Fiji,512,1969-01-01
Fiji,522,1970-01-01
Fiji,533,1971-01-01
Fiji,543,1972-01-01
Fiji,553,1973-01-01
Fiji,562,1974-01-01
Fiji,571,1975-01-01
Fiji,581,1976-01-01
Fiji,592,1977-01-01
Fiji,606,1978-01-01
Fiji,621,1979-01-01
Fiji,637,1980-01-01
Fiji,653,1981-01-01
Fiji,669,1982-01-01
Fiji,685,1983-01-01
Fiji,702,1984-01-01
Fiji,719,1985-01-01
Fiji,736,1986-01-01
Fiji,750,1987-01-01
Fiji,760,1988-01-01
Fiji,769,1989-01-01
Fiji,777,1990-01-01
Fiji,784,1991-01-01
Fiji,785,1992-01-01
Fiji,788,1993-01-01
Fiji,790,1994-01-01
Fiji,791,1995-01-01
Fiji,793,1996-01-01
Fiji,800,1997-01-01
Fiji,809,1998-01-01
Fiji,819,1999-01-01
Fiji,828,2000-01-01
Fiji,837,2001-01-01
Fiji,846,2002-01-01
Fiji,854,2003-01-01
Fiji,863,2004-01-01
Fiji,871,2005-01-01
Fiji,879,2006-01-01
Fiji,887,2007-01-01
Fiji,894,2008-01-01
Fiji,899,2009-01-01
Fiji,903,2010-01-01
Fiji,907,2011-01-01
Fiji,910,2012-01-01
Fiji,912,2013-01-01
Fiji,915,2014-01-01
Fiji,917,2015-01-01
Fiji,918,2016-01-01
Fiji,919,2017-01-01
Fiji,919,2018-01-01
Fiji,919,2019-01-01
Fiji,918,2020-01-01
Fiji,923,2021-01-01
New Caledonia,63,1950-01-01
New Caledonia,64,1951-01-01
New Caledonia,65,1952-01-01
New Caledonia,67,1953-01-01
New Caledonia,68,1954-01-01
New Caledonia,69,1955-01-01
New Caledonia,71,1956-01-01
New Caledonia,73,1957-01-01
New Caledonia,75,1958-01-01
New Caledonia,77,1959-01-01
New Caledonia,80,1960-01-01
New Caledonia,83,1961-01-01
New Caledonia,85,1962-01-01
New Caledonia,88,1963-01-01
New Caledonia,91,1964-01-01
New Caledonia,94,1965-01-01
New Caledonia,96,1966-01-01
New Caledonia,99,1967-01-01
New Caledonia,102,1968-01-01
New Caledonia,105,1969-01-01
New Caledonia,109,1970-01-01
New Caledonia,113,1971-01-01
New Caledonia,118,1972-01-01
New Caledonia,123,1973-01-01
New Caledonia,129,1974-01-01
New Caledonia,134,1975-01-01
New Caledonia,139,1976-01-01
New Caledonia,142,1977-01-01
New Caledonia,144,1978-01-01
New Caledonia,146,1979-01-01
New Caledonia,148,1980-01-01
New Caledonia,149,1981-01-01
New Caledonia,151,1982-01-01
New Caledonia,153,1983-01-01
New Caledonia,155,1984-01-01
New Caledonia,158,1985-01-01
New Caledonia,161,1986-01-01
New Caledonia,164,1987-01-01
New Caledonia,168,1988-01-01
New Caledonia,171,1989-01-01
New Caledonia,175,1990-01-01
New Caledonia,179,1991-01-01
New Caledonia,184,1992-01-01
New Caledonia,189,1993-01-01
New Caledonia,193,1994-01-01
New Caledonia,197,1995-01-01
New Caledonia,202,1996-01-01
New Caledonia,206,1997-01-01
New Caledonia,211,1998-01-01
New Caledonia,215,1999-01-01
New Caledonia,219,2000-01-01
New Caledonia,224,2001-01-01
New Caledonia,228,2002-01-01
New Caledonia,233,2003-01-01
New Caledonia,237,2004-01-01
New Caledonia,241,2005-01-01
New Caledonia,244,2006-01-01
New Caledonia,248,2007-01-01
New Caledonia,251,2008-01-01
New Caledonia,255,2009-01-01
New Caledonia,259,2010-01-01
New Caledonia,264,2011-01-01
New Caledonia,269,2012-01-01
New Caledonia,274,2013-01-01
New Caledonia,279,2014-01-01
New Caledonia,283,2015-01-01
New Caledonia,283,2016-01-01
New Caledonia,284,2017-01-01
New Caledonia,285,2018-01-01
New Caledonia,285,2019-01-01
New Caledonia,286,2020-01-01
New Caledonia,287,2021-01-01
Papua New Guinea,1527,1950-01-01
Papua New Guinea,1559,1951-01-01
Papua New Guinea,1589,1952-01-01
Papua New Guinea,1627,1953-01-01
Papua New Guinea,1669,1954-01-01
Papua New Guinea,1712,1955-01-01
Papua New Guinea,1758,1956-01-01
Papua New Guinea,1806,1957-01-01
Papua New Guinea,1856,1958-01-01
Papua New Guinea,1907,1959-01-01
Papua New Guinea,1959,1960-01-01
Papua New Guinea,2012,1961-01-01
Papua New Guinea,2059,1962-01-01
Papua New Guinea,2106,1963-01-01
Papua New Guinea,2152,1964-01-01
Papua New Guinea,2198,1965-01-01
Papua New Guinea,2246,1966-01-01
Papua New Guinea,2297,1967-01-01
Papua New Guinea,2348,1968-01-01
Papua New Guinea,2402,1969-01-01
Papua New Guinea,2459,1970-01-01
Papua New Guinea,2519,1971-01-01
Papua New Guinea,2580,1972-01-01
Papua New Guinea,2642,1973-01-01
Papua New Guinea,2703,1974-01-01
Papua New Guinea,2764,1975-01-01
Papua New Guinea,2825,1976-01-01
Papua New Guinea,2887,1977-01-01
Papua New Guinea,2949,1978-01-01
Papua New Guinea,3011,1979-01-01
Papua New Guinea,3073,1980-01-01
Papua New Guinea,3136,1981-01-01
Papua New Guinea,3202,1982-01-01
Papua New Guinea,3269,1983-01-01
Papua New Guinea,3339,1984-01-01
Papua New Guinea,3410,1985-01-01
Papua New Guinea,3485,1986-01-01
Papua New Guinea,3561,1987-01-01
Papua New Guinea,3640,1988-01-01
Papua New Guinea,3720,1989-01-01
Papua New Guinea,3809,1990-01-01
Papua New Guinea,3921,1991-01-01
Papua New Guinea,4061,1992-01-01
Papua New Guinea,4213,1993-01-01
Papua New Guinea,4370,1994-01-01
Papua New Guinea,4533,1995-01-01
Papua New Guinea,4700,1996-01-01
Papua New Guinea,4872,1997-01-01
Papua New Guinea,5049,1998-01-01
Papua New Guinea,5229,1999-01-01
Papua New Guinea,5414,2000-01-01
Papua New Guinea,5602,2001-01-01
Papua New Guinea,5795,2002-01-01
Papua New Guinea,5991,2003-01-01
Papua New Guinea,6191,2004-01-01
Papua New Guinea,6395,2005-01-01
Papua New Guinea,6603,2006-01-01
Papua New Guinea,6814,2007-01-01
Papua New Guinea,7028,2008-01-01
Papua New Guinea,7248,2009-01-01
Papua New Guinea,7470,2010-01-01
Papua New Guinea,7696,2011-01-01
Papua New Guinea,7917,2012-01-01
Papua New Guinea,8136,2013-01-01
Papua New Guinea,8355,2014-01-01
Papua New Guinea,8573,2015-01-01
Papua New Guinea,8791,2016-01-01
Papua New Guinea,9007,2017-01-01
Papua New Guinea,9222,2018-01-01
Papua New Guinea,9436,2019-01-01
Papua New Guinea,9649,2020-01-01
Papua New Guinea,9850,2021-01-01
Solomon Islands,104,1950-01-01
Solomon Islands,106,1951-01-01
Solomon Islands,108,1952-01-01
Solomon Islands,110,1953-01-01
Solomon Islands,113,1954-01-01
Solomon Islands,116,1955-01-01
Solomon Islands,119,1956-01-01
Solomon Islands,122,1957-01-01
Solomon Islands,125,1958-01-01
Solomon Islands,128,1959-01-01
Solomon Islands,132,1960-01-01
Solomon Islands,135,1961-01-01
Solomon Islands,138,1962-01-01
Solomon Islands,142,1963-01-01
Solomon Islands,146,1964-01-01
Solomon Islands,150,1965-01-01
Solomon Islands,153,1966-01-01
Solomon Islands,158,1967-01-01
Solomon Islands,162,1968-01-01
Solomon Islands,166,1969-01-01
Solomon Islands,171,1970-01-01
Solomon Islands,175,1971-01-01
Solomon Islands,179,1972-01-01
Solomon Islands,184,1973-01-01
Solomon Islands,189,1974-01-01
Solomon Islands,195,1975-01-01
Solomon Islands,201,1976-01-01
Solomon Islands,207,1977-01-01
Solomon Islands,214,1978-01-01
Solomon Islands,222,1979-01-01
Solomon Islands,230,1980-01-01
Solomon Islands,238,1981-01-01
Solomon Islands,246,1982-01-01
Solomon Islands,255,1983-01-01
Solomon Islands,263,1984-01-01
Solomon Islands,272,1985-01-01
Solomon Islands,282,1986-01-01
Solomon Islands,291,1987-01-01
Solomon Islands,300,1988-01-01
Solomon Islands,310,1989-01-01
Solomon Islands,319,1990-01-01
Solomon Islands,329,1991-01-01
Solomon Islands,339,1992-01-01
Solomon Islands,349,1993-01-01
Solomon Islands,359,1994-01-01
Solomon Islands,370,1995-01-01
Solomon Islands,381,1996-01-01
Solomon Islands,392,1997-01-01
Solomon Islands,403,1998-01-01
Solomon Islands,414,1999-01-01
Solomon Islands,425,2000-01-01
Solomon Islands,435,2001-01-01
Solomon Islands,446,2002-01-01
Solomon Islands,456,2003-01-01
Solomon Islands,466,2004-01-01
Solomon Islands,477,2005-01-01
Solomon Islands,488,2006-01-01
Solomon Islands,499,2007-01-01
Solomon Islands,510,2008-01-01
Solomon Islands,522,2009-01-01
Solomon Islands,534,2010-01-01
Solomon Islands,547,2011-01-01
Solomon Islands,561,2012-01-01
Solomon Islands,575,2013-01-01
Solomon Islands,590,2014-01-01
Solomon Islands,605,2015-01-01
Solomon Islands,620,2016-01-01
Solomon Islands,636,2017-01-01
Solomon Islands,651,2018-01-01
Solomon Islands,667,2019-01-01
Solomon Islands,683,2020-01-01
Solomon Islands,699,2021-01-01
Vanuatu,51,1950-01-01
Vanuatu,52,1951-01-01
Vanuatu,53,1952-01-01
Vanuatu,54,1953-01-01
Vanuatu,55,1954-01-01
Vanuatu,56,1955-01-01
Vanuatu,57,1956-01-01
Vanuatu,59,1957-01-01
Vanuatu,60,1958-01-01
Vanuatu,62,1959-01-01
Vanuatu,64,1960-01-01
Vanuatu,66,1961-01-01
Vanuatu,67,1962-01-01
Vanuatu,69,1963-01-01
Vanuatu,71,1964-01-01
Vanuatu,74,1965-01-01
Vanuatu,76,1966-01-01
Vanuatu,78,1967-01-01
Vanuatu,81,1968-01-01
Vanuatu,83,1969-01-01
Vanuatu,86,1970-01-01
Vanuatu,88,1971-01-01
Vanuatu,91,1972-01-01
Vanuatu,94,1973-01-01
Vanuatu,97,1974-01-01
Vanuatu,100,1975-01-01
Vanuatu,104,1976-01-01
Vanuatu,107,1977-01-01
Vanuatu,111,1978-01-01
Vanuatu,114,1979-01-01
Vanuatu,117,1980-01-01
Vanuatu,119,1981-01-01
Vanuatu,122,1982-01-01
Vanuatu,125,1983-01-01
Vanuatu,128,1984-01-01
Vanuatu,131,1985-01-01
Vanuatu,135,1986-01-01
Vanuatu,138,1987-01-01
Vanuatu,142,1988-01-01
Vanuatu,145,1989-01-01
Vanuatu,149,1990-01-01
Vanuatu,153,1991-01-01
Vanuatu,157,1992-01-01
Vanuatu,161,1993-01-01
Vanuatu,165,1994-01-01
Vanuatu,169,1995-01-01
Vanuatu,173,1996-01-01
Vanuatu,177,1997-01-01
Vanuatu,181,1998-01-01
Vanuatu,185,1999-01-01
Vanuatu,190,2000-01-01
Vanuatu,194,2001-01-01
Vanuatu,200,2002-01-01
Vanuatu,205,2003-01-01
Vanuatu,210,2004-01-01
Vanuatu,215,2005-01-01
Vanuatu,220,2006-01-01
Vanuatu,226,2007-01-01
Vanuatu,231,2008-01-01
Vanuatu,237,2009-01-01
Vanuatu,243,2010-01-01
Vanuatu,248,2011-01-01
Vanuatu,254,2012-01-01
Vanuatu,260,2013-01-01
Vanuatu,267,2014-01-01
Vanuatu,273,2015-01-01
Vanuatu,280,2016-01-01
Vanuatu,287,2017-01-01
Vanuatu,294,2018-01-01
Vanuatu,301,2019-01-01
Vanuatu,308,2020-01-01
Vanuatu,315,2021-01-01
Micronesia,160,1950-01-01
Micronesia,163,1951-01-01
Micronesia,166,1952-01-01
Micronesia,170,1953-01-01
Micronesia,173,1954-01-01
Micronesia,177,1955-01-01
Micronesia,180,1956-01-01
Micronesia,184,1957-01-01
Micronesia,189,1958-01-01
Micronesia,193,1959-01-01
Micronesia,198,1960-01-01
Micronesia,203,1961-01-01
Micronesia,209,1962-01-01
Micronesia,214,1963-01-01
Micronesia,220,1964-01-01
Micronesia,226,1965-01-01
Micronesia,232,1966-01-01
Micronesia,237,1967-01-01
Micronesia,242,1968-01-01
Micronesia,247,1969-01-01
Micronesia,253,1970-01-01
Micronesia,261,1971-01-01
Micronesia,268,1972-01-01
Micronesia,275,1973-01-01
Micronesia,282,1974-01-01
Micronesia,287,1975-01-01
Micronesia,292,1976-01-01
Micronesia,296,1977-01-01
Micronesia,301,1978-01-01
Micronesia,306,1979-01-01
Micronesia,312,1980-01-01
Micronesia,322,1981-01-01
Micronesia,332,1982-01-01
Micronesia,343,1983-01-01
Micronesia,355,1984-01-01
Micronesia,366,1985-01-01
Micronesia,378,1986-01-01
Micronesia,391,1987-01-01
Micronesia,403,1988-01-01
Micronesia,415,1989-01-01
Micronesia,427,1990-01-01
Micronesia,435,1991-01-01
Micronesia,442,1992-01-01
Micronesia,450,1993-01-01
Micronesia,458,1994-01-01
Micronesia,465,1995-01-01
Micronesia,473,1996-01-01
Micronesia,485,1997-01-01
Micronesia,498,1998-01-01
Micronesia,511,1999-01-01
Micronesia,523,2000-01-01
Micronesia,528,2001-01-01
Micronesia,529,2002-01-01
Micronesia,529,2003-01-01
Micronesia,529,2004-01-01
Micronesia,528,2005-01-01
Micronesia,526,2006-01-01
Micronesia,524,2007-01-01
Micronesia,522,2008-01-01
Micronesia,519,2009-01-01
Micronesia,517,2010-01-01
Micronesia,517,2011-01-01
Micronesia,518,2012-01-01
Micronesia,520,2013-01-01
Micronesia,522,2014-01-01
Micronesia,523,2015-01-01
Micronesia,525,2016-01-01
Micronesia,526,2017-01-01
Micronesia,527,2018-01-01
Micronesia,528,2019-01-01
Micronesia,529,2020-01-01
Micronesia,533,2021-01-01
Guam,61,1950-01-01
Guam,61,1951-01-01
Guam,62,1952-01-01
Guam,63,1953-01-01
Guam,64,1954-01-01
Guam,65,1955-01-01
Guam,67,1956-01-01
Guam,68,1957-01-01
Guam,69,1958-01-01
Guam,70,1959-01-01
Guam,72,1960-01-01
Guam,73,1961-01-01
Guam,75,1962-01-01
Guam,76,1963-01-01
Guam,78,1964-01-01
Guam,79,1965-01-01
Guam,81,1966-01-01
Guam,83,1967-01-01
Guam,84,1968-01-01
Guam,86,1969-01-01
Guam,87,1970-01-01
Guam,89,1971-01-01
Guam,92,1972-01-01
Guam,94,1973-01-01
Guam,96,1974-01-01
Guam,98,1975-01-01
Guam,101,1976-01-01
Guam,103,1977-01-01
Guam,105,1978-01-01
Guam,107,1979-01-01
Guam,109,1980-01-01
Guam,112,1981-01-01
Guam,115,1982-01-01
Guam,118,1983-01-01
Guam,120,1984-01-01
Guam,123,1985-01-01
Guam,126,1986-01-01
Guam,129,1987-01-01
Guam,132,1988-01-01
Guam,134,1989-01-01
Guam,137,1990-01-01
Guam,140,1991-01-01
Guam,142,1992-01-01
Guam,144,1993-01-01
Guam,147,1994-01-01
Guam,149,1995-01-01
Guam,151,1996-01-01
Guam,153,1997-01-01
Guam,155,1998-01-01
Guam,157,1999-01-01
Guam,159,2000-01-01
Guam,161,2001-01-01
Guam,162,2002-01-01
Guam,163,2003-01-01
Guam,164,2004-01-01
Guam,164,2005-01-01
Guam,165,2006-01-01
Guam,165,2007-01-01
Guam,165,2008-01-01
Guam,165,2009-01-01
Guam,164,2010-01-01
Guam,165,2011-01-01
Guam,166,2012-01-01
Guam,167,2013-01-01
Guam,167,2014-01-01
Guam,168,2015-01-01
Guam,168,2016-01-01
Guam,169,2017-01-01
Guam,169,2018-01-01
Guam,169,2019-01-01
Guam,169,2020-01-01
Guam,170,2021-01-01
Kiribati,37,1950-01-01
Kiribati,38,1951-01-01
Kiribati,39,1952-01-01
Kiribati,40,1953-01-01
Kiribati,41,1954-01-01
Kiribati,42,1955-01-01
Kiribati,42,1956-01-01
Kiribati,43,1957-01-01
Kiribati,44,1958-01-01
Kiribati,45,1959-01-01
Kiribati,47,1960-01-01
Kiribati,48,1961-01-01
Kiribati,49,1962-01-01
Kiribati,50,1963-01-01
Kiribati,51,1964-01-01
Kiribati,53,1965-01-01
Kiribati,54,1966-01-01
Kiribati,55,1967-01-01
Kiribati,55,1968-01-01
Kiribati,56,1969-01-01
Kiribati,57,1970-01-01
Kiribati,58,1971-01-01
Kiribati,59,1972-01-01
Kiribati,60,1973-01-01
Kiribati,61,1974-01-01
Kiribati,61,1975-01-01
Kiribati,61,1976-01-01
Kiribati,60,1977-01-01
Kiribati,60,1978-01-01
Kiribati,59,1979-01-01
Kiribati,60,1980-01-01
Kiribati,61,1981-01-01
Kiribati,62,1982-01-01
Kiribati,64,1983-01-01
Kiribati,65,1984-01-01
Kiribati,66,1985-01-01
Kiribati,67,1986-01-01
Kiribati,69,1987-01-01
Kiribati,71,1988-01-01
Kiribati,73,1989-01-01
Kiribati,74,1990-01-01
Kiribati,76,1991-01-01
Kiribati,77,1992-01-01
Kiribati,79,1993-01-01
Kiribati,80,1994-01-01
Kiribati,81,1995-01-01
Kiribati,82,1996-01-01
Kiribati,84,1997-01-01
Kiribati,85,1998-01-01
Kiribati,87,1999-01-01
Kiribati,88,2000-01-01
Kiribati,90,2001-01-01
Kiribati,91,2002-01-01
Kiribati,93,2003-01-01
Kiribati,95,2004-01-01
Kiribati,97,2005-01-01
Kiribati,99,2006-01-01
Kiribati,101,2007-01-01
Kiribati,103,2008-01-01
Kiribati,105,2009-01-01
Kiribati,107,2010-01-01
Kiribati,109,2011-01-01
Kiribati,111,2012-01-01
Kiribati,112,2013-01-01
Kiribati,114,2014-01-01
Kiribati,116,2015-01-01
Kiribati,118,2016-01-01
Kiribati,119,2017-01-01
Kiribati,121,2018-01-01
Kiribati,123,2019-01-01
Kiribati,125,2020-01-01
Kiribati,128,2021-01-01
Marshall Islands,13,1950-01-01
Marshall Islands,13,1951-01-01
Marshall Islands,13,1952-01-01
Marshall Islands,14,1953-01-01
Marshall Islands,14,1954-01-01
Marshall Islands,14,1955-01-01
Marshall Islands,14,1956-01-01
Marshall Islands,14,1957-01-01
Marshall Islands,14,1958-01-01
Marshall Islands,15,1959-01-01
Marshall Islands,15,1960-01-01
Marshall Islands,16,1961-01-01
Marshall Islands,16,1962-01-01
Marshall Islands,17,1963-01-01
Marshall Islands,17,1964-01-01
Marshall Islands,18,1965-01-01
Marshall Islands,18,1966-01-01
Marshall Islands,19,1967-01-01
Marshall Islands,20,1968-01-01
Marshall Islands,22,1969-01-01
Marshall Islands,23,1970-01-01
Marshall Islands,24,1971-01-01
Marshall Islands,25,1972-01-01
Marshall Islands,25,1973-01-01
Marshall Islands,26,1974-01-01
Marshall Islands,27,1975-01-01
Marshall Islands,27,1976-01-01
Marshall Islands,28,1977-01-01
Marshall Islands,29,1978-01-01
Marshall Islands,30,1979-01-01
Marshall Islands,31,1980-01-01
Marshall Islands,33,1981-01-01
Marshall Islands,34,1982-01-01
Marshall Islands,35,1983-01-01
Marshall Islands,37,1984-01-01
Marshall Islands,38,1985-01-01
Marshall Islands,40,1986-01-01
Marshall Islands,41,1987-01-01
Marshall Islands,43,1988-01-01
Marshall Islands,44,1989-01-01
Marshall Islands,46,1990-01-01
Marshall Islands,47,1991-01-01
Marshall Islands,48,1992-01-01
Marshall Islands,48,1993-01-01
Marshall Islands,49,1994-01-01
Marshall Islands,50,1995-01-01
Marshall Islands,51,1996-01-01
Marshall Islands,52,1997-01-01
Marshall Islands,53,1998-01-01
Marshall Islands,54,1999-01-01
Marshall Islands,54,2000-01-01
Marshall Islands,54,2001-01-01
Marshall Islands,54,2002-01-01
Marshall Islands,55,2003-01-01
Marshall Islands,54,2004-01-01
Marshall Islands,54,2005-01-01
Marshall Islands,54,2006-01-01
Marshall Islands,54,2007-01-01
Marshall Islands,54,2008-01-01
Marshall Islands,54,2009-01-01
Marshall Islands,53,2010-01-01
Marshall Islands,53,2011-01-01
Marshall Islands,53,2012-01-01
Marshall Islands,52,2013-01-01
Marshall Islands,51,2014-01-01
Marshall Islands,50,2015-01-01
Marshall Islands,49,2016-01-01
Marshall Islands,48,2017-01-01
Marshall Islands,47,2018-01-01
Marshall Islands,45,2019-01-01
Marshall Islands,44,2020-01-01
Marshall Islands,43,2021-01-01
Micronesia (Fed. States of),31,1950-01-01
Micronesia (Fed. States of),32,1951-01-01
Micronesia (Fed. States of),33,1952-01-01
Micronesia (Fed. States of),34,1953-01-01
Micronesia (Fed. States of),35,1954-01-01
Micronesia (Fed. States of),36,1955-01-01
Micronesia (Fed. States of),37,1956-01-01
Micronesia (Fed. States of),39,1957-01-01
Micronesia (Fed. States of),40,1958-01-01
Micronesia (Fed. States of),41,1959-01-01
Micronesia (Fed. States of),42,1960-01-01
Micronesia (Fed. States of),44,1961-01-01
Micronesia (Fed. States of),45,1962-01-01
Micronesia (Fed. States of),47,1963-01-01
Micronesia (Fed. States of),48,1964-01-01
Micronesia (Fed. States of),50,1965-01-01
Micronesia (Fed. States of),52,1966-01-01
Micronesia (Fed. States of),53,1967-01-01
Micronesia (Fed. States of),55,1968-01-01
Micronesia (Fed. States of),56,1969-01-01
Micronesia (Fed. States of),58,1970-01-01
Micronesia (Fed. States of),60,1971-01-01
Micronesia (Fed. States of),61,1972-01-01
Micronesia (Fed. States of),63,1973-01-01
Micronesia (Fed. States of),65,1974-01-01
Micronesia (Fed. States of),66,1975-01-01
Micronesia (Fed. States of),68,1976-01-01
Micronesia (Fed. States of),69,1977-01-01
Micronesia (Fed. States of),71,1978-01-01
Micronesia (Fed. States of),73,1979-01-01
Micronesia (Fed. States of),75,1980-01-01
Micronesia (Fed. States of),77,1981-01-01
Micronesia (Fed. States of),80,1982-01-01
Micronesia (Fed. States of),82,1983-01-01
Micronesia (Fed. States of),84,1984-01-01
Micronesia (Fed. States of),87,1985-01-01
Micronesia (Fed. States of),89,1986-01-01
Micronesia (Fed. States of),92,1987-01-01
Micronesia (Fed. States of),94,1988-01-01
Micronesia (Fed. States of),96,1989-01-01
Micronesia (Fed. States of),98,1990-01-01
Micronesia (Fed. States of),100,1991-01-01
Micronesia (Fed. States of),101,1992-01-01
Micronesia (Fed. States of),104,1993-01-01
Micronesia (Fed. States of),108,1994-01-01
Micronesia (Fed. States of),110,1995-01-01
Micronesia (Fed. States of),111,1996-01-01
Micronesia (Fed. States of),111,1997-01-01
Micronesia (Fed. States of),111,1998-01-01
Micronesia (Fed. States of),112,1999-01-01
Micronesia (Fed. States of),112,2000-01-01
Micronesia (Fed. States of),112,2001-01-01
Micronesia (Fed. States of),112,2002-01-01
Micronesia (Fed. States of),112,2003-01-01
Micronesia (Fed. States of),112,2004-01-01
Micronesia (Fed. States of),111,2005-01-01
Micronesia (Fed. States of),111,2006-01-01
Micronesia (Fed. States of),110,2007-01-01
Micronesia (Fed. States of),109,2008-01-01
Micronesia (Fed. States of),108,2009-01-01
Micronesia (Fed. States of),107,2010-01-01
Micronesia (Fed. States of),108,2011-01-01
Micronesia (Fed. States of),108,2012-01-01
Micronesia (Fed. States of),108,2013-01-01
Micronesia (Fed. States of),109,2014-01-01
Micronesia (Fed. States of),109,2015-01-01
Micronesia (Fed. States of),110,2016-01-01
Micronesia (Fed. States of),110,2017-01-01
Micronesia (Fed. States of),111,2018-01-01
Micronesia (Fed. States of),111,2019-01-01
Micronesia (Fed. States of),112,2020-01-01
Micronesia (Fed. States of),113,2021-01-01
Nauru,3,1950-01-01
Nauru,3,1951-01-01
Nauru,3,1952-01-01
Nauru,4,1953-01-01
Nauru,4,1954-01-01
Nauru,4,1955-01-01
Nauru,4,1956-01-01
Nauru,4,1957-01-01
Nauru,4,1958-01-01
Nauru,4,1959-01-01
Nauru,4,1960-01-01
Nauru,5,1961-01-01
Nauru,5,1962-01-01
Nauru,5,1963-01-01
Nauru,5,1964-01-01
Nauru,6,1965-01-01
Nauru,6,1966-01-01
Nauru,6,1967-01-01
Nauru,6,1968-01-01
Nauru,6,1969-01-01
Nauru,7,1970-01-01
Nauru,7,1971-01-01
Nauru,7,1972-01-01
Nauru,7,1973-01-01
Nauru,7,1974-01-01
Nauru,7,1975-01-01
Nauru,7,1976-01-01
Nauru,7,1977-01-01
Nauru,8,1978-01-01
Nauru,8,1979-01-01
Nauru,8,1980-01-01
Nauru,8,1981-01-01
Nauru,8,1982-01-01
Nauru,8,1983-01-01
Nauru,8,1984-01-01
Nauru,8,1985-01-01
Nauru,8,1986-01-01
Nauru,9,1987-01-01
Nauru,9,1988-01-01
Nauru,9,1989-01-01
Nauru,9,1990-01-01
Nauru,10,1991-01-01
Nauru,10,1992-01-01
Nauru,10,1993-01-01
Nauru,10,1994-01-01
Nauru,10,1995-01-01
Nauru,10,1996-01-01
Nauru,10,1997-01-01
Nauru,10,1998-01-01
Nauru,10,1999-01-01
Nauru,10,2000-01-01
Nauru,10,2001-01-01
Nauru,10,2002-01-01
Nauru,10,2003-01-01
Nauru,10,2004-01-01
Nauru,10,2005-01-01
Nauru,10,2006-01-01
Nauru,10,2007-01-01
Nauru,10,2008-01-01
Nauru,10,2009-01-01
Nauru,10,2010-01-01
Nauru,10,2011-01-01
Nauru,10,2012-01-01
Nauru,11,2013-01-01
Nauru,11,2014-01-01
Nauru,11,2015-01-01
Nauru,11,2016-01-01
Nauru,12,2017-01-01
Nauru,12,2018-01-01
Nauru,12,2019-01-01
Nauru,12,2020-01-01
Nauru,12,2021-01-01
Northern Mariana Islands,7,1950-01-01
Northern Mariana Islands,7,1951-01-01
Northern Mariana Islands,7,1952-01-01
Northern Mariana Islands,7,1953-01-01
Northern Mariana Islands,7,1954-01-01
Northern Mariana Islands,8,1955-01-01
Northern Mariana Islands,8,1956-01-01
Northern Mariana Islands,8,1957-01-01
Northern Mariana Islands,8,1958-01-01
Northern Mariana Islands,8,1959-01-01
Northern Mariana Islands,9,1960-01-01
Northern Mariana Islands,9,1961-01-01
Northern Mariana Islands,9,1962-01-01
Northern Mariana Islands,9,1963-01-01
Northern Mariana Islands,10,1964-01-01
Northern Mariana Islands,10,1965-01-01
Northern Mariana Islands,10,1966-01-01
Northern Mariana Islands,11,1967-01-01
Northern Mariana Islands,11,1968-01-01
Northern Mariana Islands,10,1969-01-01
Northern Mariana Islands,10,1970-01-01
Northern Mariana Islands,11,1971-01-01
Northern Mariana Islands,12,1972-01-01
Northern Mariana Islands,13,1973-01-01
Northern Mariana Islands,15,1974-01-01
Northern Mariana Islands,15,1975-01-01
Northern Mariana Islands,15,1976-01-01
Northern Mariana Islands,16,1977-01-01
Northern Mariana Islands,16,1978-01-01
Northern Mariana Islands,16,1979-01-01
Northern Mariana Islands,17,1980-01-01
Northern Mariana Islands,19,1981-01-01
Northern Mariana Islands,21,1982-01-01
Northern Mariana Islands,24,1983-01-01
Northern Mariana Islands,27,1984-01-01
Northern Mariana Islands,30,1985-01-01
Northern Mariana Islands,34,1986-01-01
Northern Mariana Islands,37,1987-01-01
Northern Mariana Islands,41,1988-01-01
Northern Mariana Islands,44,1989-01-01
Northern Mariana Islands,48,1990-01-01
Northern Mariana Islands,48,1991-01-01
Northern Mariana Islands,48,1992-01-01
Northern Mariana Islands,48,1993-01-01
Northern Mariana Islands,48,1994-01-01
Northern Mariana Islands,48,1995-01-01
Northern Mariana Islands,50,1996-01-01
Northern Mariana Islands,57,1997-01-01
Northern Mariana Islands,65,1998-01-01
Northern Mariana Islands,72,1999-01-01
Northern Mariana Islands,80,2000-01-01
Northern Mariana Islands,81,2001-01-01
Northern Mariana Islands,78,2002-01-01
Northern Mariana Islands,76,2003-01-01
Northern Mariana Islands,73,2004-01-01
Northern Mariana Islands,70,2005-01-01
Northern Mariana Islands,68,2006-01-01
Northern Mariana Islands,65,2007-01-01
Northern Mariana Islands,62,2008-01-01
Northern Mariana Islands,59,2009-01-01
Northern Mariana Islands,56,2010-01-01
Northern Mariana Islands,53,2011-01-01
Northern Mariana Islands,52,2012-01-01
Northern Mariana Islands,52,2013-01-01
Northern Mariana Islands,52,2014-01-01
Northern Mariana Islands,52,2015-01-01
Northern Mariana Islands,51,2016-01-01
Northern Mariana Islands,51,2017-01-01
Northern Mariana Islands,51,2018-01-01
Northern Mariana Islands,50,2019-01-01
Northern Mariana Islands,50,2020-01-01
Northern Mariana Islands,50,2021-01-01
Palau,7,1950-01-01
Palau,7,1951-01-01
Palau,8,1952-01-01
Palau,8,1953-01-01
Palau,8,1954-01-01
Palau,8,1955-01-01
Palau,8,1956-01-01
Palau,9,1957-01-01
Palau,9,1958-01-01
Palau,9,1959-01-01
Palau,9,1960-01-01
Palau,10,1961-01-01
Palau,10,1962-01-01
Palau,10,1963-01-01
Palau,10,1964-01-01
Palau,10,1965-01-01
Palau,11,1966-01-01
Palau,11,1967-01-01
Palau,11,1968-01-01
Palau,11,1969-01-01
Palau,11,1970-01-01
Palau,12,1971-01-01
Palau,12,1972-01-01
Palau,12,1973-01-01
Palau,13,1974-01-01
Palau,13,1975-01-01
Palau,13,1976-01-01
Palau,12,1977-01-01
Palau,12,1978-01-01
Palau,12,1979-01-01
Palau,12,1980-01-01
Palau,12,1981-01-01
Palau,13,1982-01-01
Palau,13,1983-01-01
Palau,13,1984-01-01
Palau,13,1985-01-01
Palau,14,1986-01-01
Palau,14,1987-01-01
Palau,14,1988-01-01
Palau,15,1989-01-01
Palau,15,1990-01-01
Palau,15,1991-01-01
Palau,16,1992-01-01
Palau,16,1993-01-01
Palau,17,1994-01-01
Palau,17,1995-01-01
Palau,17,1996-01-01
Palau,18,1997-01-01
Palau,19,1998-01-01
Palau,19,1999-01-01
Palau,20,2000-01-01
Palau,20,2001-01-01
Palau,20,2002-01-01
Palau,20,2003-01-01
Palau,20,2004-01-01
Palau,20,2005-01-01
Palau,20,2006-01-01
Palau,19,2007-01-01
Palau,19,2008-01-01
Palau,19,2009-01-01
Palau,19,2010-01-01
Palau,18,2011-01-01
Palau,18,2012-01-01
Palau,18,2013-01-01
Palau,18,2014-01-01
Palau,18,2015-01-01
Palau,18,2016-01-01
Palau,18,2017-01-01
Palau,18,2018-01-01
Palau,18,2019-01-01
Palau,18,2020-01-01
Palau,18,2021-01-01
Polynesia,252,1950-01-01
Polynesia,259,1951-01-01
Polynesia,265,1952-01-01
Polynesia,271,1953-01-01
Polynesia,278,1954-01-01
Polynesia,284,1955-01-01
Polynesia,291,1956-01-01
Polynesia,298,1957-01-01
Polynesia,305,1958-01-01
Polynesia,312,1959-01-01
Polynesia,320,1960-01-01
Polynesia,328,1961-01-01
Polynesia,337,1962-01-01
Polynesia,346,1963-01-01
Polynesia,355,1964-01-01
Polynesia,365,1965-01-01
Polynesia,375,1966-01-01
Polynesia,385,1967-01-01
Polynesia,394,1968-01-01
Polynesia,403,1969-01-01
Polynesia,412,1970-01-01
Polynesia,421,1971-01-01
Polynesia,430,1972-01-01
Polynesia,438,1973-01-01
Polynesia,446,1974-01-01
Polynesia,455,1975-01-01
Polynesia,463,1976-01-01
Polynesia,473,1977-01-01
Polynesia,481,1978-01-01
Polynesia,488,1979-01-01
Polynesia,496,1980-01-01
Polynesia,504,1981-01-01
Polynesia,513,1982-01-01
Polynesia,520,1983-01-01
Polynesia,525,1984-01-01
Polynesia,530,1985-01-01
Polynesia,536,1986-01-01
Polynesia,542,1987-01-01
Polynesia,551,1988-01-01
Polynesia,559,1989-01-01
Polynesia,566,1990-01-01
Polynesia,573,1991-01-01
Polynesia,580,1992-01-01
Polynesia,587,1993-01-01
Polynesia,594,1994-01-01
Polynesia,602,1995-01-01
Polynesia,609,1996-01-01
Polynesia,616,1997-01-01
Polynesia,623,1998-01-01
Polynesia,630,1999-01-01
Polynesia,637,2000-01-01
Polynesia,643,2001-01-01
Polynesia,648,2002-01-01
Polynesia,654,2003-01-01
Polynesia,659,2004-01-01
Polynesia,663,2005-01-01
Polynesia,668,2006-01-01
Polynesia,672,2007-01-01
Polynesia,677,2008-01-01
Polynesia,680,2009-01-01
Polynesia,683,2010-01-01
Polynesia,686,2011-01-01
Polynesia,690,2012-01-01
Polynesia,692,2013-01-01
Polynesia,694,2014-01-01
Polynesia,696,2015-01-01
Polynesia,698,2016-01-01
Polynesia,700,2017-01-01
Polynesia,703,2018-01-01
Polynesia,706,2019-01-01
Polynesia,709,2020-01-01
Polynesia,715,2021-01-01
American Samoa,19,1950-01-01
American Samoa,19,1951-01-01
American Samoa,20,1952-01-01
American Samoa,20,1953-01-01
American Samoa,20,1954-01-01
American Samoa,20,1955-01-01
American Samoa,20,1956-01-01
American Samoa,20,1957-01-01
American Samoa,20,1958-01-01
American Samoa,20,1959-01-01
American Samoa,20,1960-01-01
American Samoa,20,1961-01-01
American Samoa,21,1962-01-01
American Samoa,22,1963-01-01
American Samoa,22,1964-01-01
American Samoa,23,1965-01-01
American Samoa,24,1966-01-01
American Samoa,24,1967-01-01
American Samoa,25,1968-01-01
American Samoa,26,1969-01-01
American Samoa,27,1970-01-01
American Samoa,27,1971-01-01
American Samoa,28,1972-01-01
American Samoa,28,1973-01-01
American Samoa,29,1974-01-01
American Samoa,29,1975-01-01
American Samoa,30,1976-01-01
American Samoa,31,1977-01-01
American Samoa,31,1978-01-01
American Samoa,32,1979-01-01
American Samoa,32,1980-01-01
American Samoa,33,1981-01-01
American Samoa,35,1982-01-01
American Samoa,36,1983-01-01
American Samoa,37,1984-01-01
American Samoa,39,1985-01-01
American Samoa,40,1986-01-01
American Samoa,42,1987-01-01
American Samoa,44,1988-01-01
American Samoa,45,1989-01-01
American Samoa,47,1990-01-01
American Samoa,48,1991-01-01
American Samoa,50,1992-01-01
American Samoa,51,1993-01-01
American Samoa,52,1994-01-01
American Samoa,53,1995-01-01
American Samoa,54,1996-01-01
American Samoa,55,1997-01-01
American Samoa,56,1998-01-01
American Samoa,57,1999-01-01
American Samoa,58,2000-01-01
American Samoa,58,2001-01-01
American Samoa,58,2002-01-01
American Samoa,58,2003-01-01
American Samoa,58,2004-01-01
American Samoa,57,2005-01-01
American Samoa,57,2006-01-01
American Samoa,57,2007-01-01
American Samoa,56,2008-01-01
American Samoa,56,2009-01-01
American Samoa,55,2010-01-01
American Samoa,55,2011-01-01
American Samoa,54,2012-01-01
American Samoa,53,2013-01-01
American Samoa,53,2014-01-01
American Samoa,52,2015-01-01
American Samoa,51,2016-01-01
American Samoa,50,2017-01-01
American Samoa,49,2018-01-01
American Samoa,48,2019-01-01
American Samoa,47,2020-01-01
American Samoa,46,2021-01-01
Cook Islands,14,1950-01-01
Cook Islands,15,1951-01-01
Cook Islands,15,1952-01-01
Cook Islands,15,1953-01-01
Cook Islands,16,1954-01-01
Cook Islands,16,1955-01-01
Cook Islands,16,1956-01-01
Cook Islands,17,1957-01-01
Cook Islands,17,1958-01-01
Cook Islands,17,1959-01-01
Cook Islands,17,1960-01-01
Cook Islands,18,1961-01-01
Cook Islands,18,1962-01-01
Cook Islands,18,1963-01-01
Cook Islands,18,1964-01-01
Cook Islands,19,1965-01-01
Cook Islands,19,1966-01-01
Cook Islands,19,1967-01-01
Cook Islands,19,1968-01-01
Cook Islands,20,1969-01-01
Cook Islands,20,1970-01-01
Cook Islands,21,1971-01-01
Cook Islands,21,1972-01-01
Cook Islands,20,1973-01-01
Cook Islands,20,1974-01-01
Cook Islands,19,1975-01-01
Cook Islands,19,1976-01-01
Cook Islands,18,1977-01-01
Cook Islands,18,1978-01-01
Cook Islands,18,1979-01-01
Cook Islands,18,1980-01-01
Cook Islands,18,1981-01-01
Cook Islands,18,1982-01-01
Cook Islands,17,1983-01-01
Cook Islands,17,1984-01-01
Cook Islands,17,1985-01-01
Cook Islands,17,1986-01-01
Cook Islands,16,1987-01-01
Cook Islands,17,1988-01-01
Cook Islands,17,1989-01-01
Cook Islands,17,1990-01-01
Cook Islands,17,1991-01-01
Cook Islands,17,1992-01-01
Cook Islands,18,1993-01-01
Cook Islands,18,1994-01-01
Cook Islands,18,1995-01-01
Cook Islands,18,1996-01-01
Cook Islands,18,1997-01-01
Cook Islands,17,1998-01-01
Cook Islands,17,1999-01-01
Cook Islands,16,2000-01-01
Cook Islands,16,2001-01-01
Cook Islands,15,2002-01-01
Cook Islands,15,2003-01-01
Cook Islands,15,2004-01-01
Cook Islands,15,2005-01-01
Cook Islands,15,2006-01-01
Cook Islands,15,2007-01-01
Cook Islands,16,2008-01-01
Cook Islands,16,2009-01-01
Cook Islands,17,2010-01-01
Cook Islands,18,2011-01-01
Cook Islands,18,2012-01-01
Cook Islands,18,2013-01-01
Cook Islands,18,2014-01-01
Cook Islands,18,2015-01-01
Cook Islands,18,2016-01-01
Cook Islands,17,2017-01-01
Cook Islands,17,2018-01-01
Cook Islands,17,2019-01-01
Cook Islands,17,2020-01-01
Cook Islands,17,2021-01-01
French Polynesia,64,1950-01-01
French Polynesia,65,1951-01-01
French Polynesia,67,1952-01-01
French Polynesia,69,1953-01-01
French Polynesia,71,1954-01-01
French Polynesia,73,1955-01-01
French Polynesia,76,1956-01-01
French Polynesia,78,1957-01-01
French Polynesia,80,1958-01-01
French Polynesia,82,1959-01-01
French Polynesia,84,1960-01-01
French Polynesia,86,1961-01-01
French Polynesia,88,1962-01-01
French Polynesia,90,1963-01-01
French Polynesia,93,1964-01-01
French Polynesia,97,1965-01-01
French Polynesia,100,1966-01-01
French Polynesia,104,1967-01-01
French Polynesia,108,1968-01-01
French Polynesia,112,1969-01-01
French Polynesia,116,1970-01-01
French Polynesia,120,1971-01-01
French Polynesia,124,1972-01-01
French Polynesia,129,1973-01-01
French Polynesia,133,1974-01-01
French Polynesia,138,1975-01-01
French Polynesia,142,1976-01-01
French Polynesia,147,1977-01-01
French Polynesia,151,1978-01-01
French Polynesia,156,1979-01-01
French Polynesia,161,1980-01-01
French Polynesia,166,1981-01-01
French Polynesia,172,1982-01-01
French Polynesia,177,1983-01-01
French Polynesia,181,1984-01-01
French Polynesia,185,1985-01-01
French Polynesia,190,1986-01-01
French Polynesia,195,1987-01-01
French Polynesia,199,1988-01-01
French Polynesia,204,1989-01-01
French Polynesia,209,1990-01-01
French Polynesia,213,1991-01-01
French Polynesia,218,1992-01-01
French Polynesia,222,1993-01-01
French Polynesia,226,1994-01-01
French Polynesia,230,1995-01-01
French Polynesia,233,1996-01-01
French Polynesia,237,1997-01-01
French Polynesia,241,1998-01-01
French Polynesia,245,1999-01-01
French Polynesia,249,2000-01-01
French Polynesia,253,2001-01-01
French Polynesia,257,2002-01-01
French Polynesia,261,2003-01-01
French Polynesia,265,2004-01-01
French Polynesia,269,2005-01-01
French Polynesia,273,2006-01-01
French Polynesia,277,2007-01-01
French Polynesia,280,2008-01-01
French Polynesia,282,2009-01-01
French Polynesia,283,2010-01-01
French Polynesia,285,2011-01-01
French Polynesia,286,2012-01-01
French Polynesia,287,2013-01-01
French Polynesia,289,2014-01-01
French Polynesia,291,2015-01-01
French Polynesia,293,2016-01-01
French Polynesia,294,2017-01-01
French Polynesia,297,2018-01-01
French Polynesia,299,2019-01-01
French Polynesia,301,2020-01-01
French Polynesia,303,2021-01-01
Niue,4,1950-01-01
Niue,5,1951-01-01
Niue,5,1952-01-01
Niue,5,1953-01-01
Niue,5,1954-01-01
Niue,5,1955-01-01
Niue,5,1956-01-01
Niue,5,1957-01-01
Niue,5,1958-01-01
Niue,5,1959-01-01
Niue,5,1960-01-01
Niue,5,1961-01-01
Niue,5,1962-01-01
Niue,5,1963-01-01
Niue,5,1964-01-01
Niue,5,1965-01-01
Niue,5,1966-01-01
Niue,5,1967-01-01
Niue,5,1968-01-01
Niue,5,1969-01-01
Niue,5,1970-01-01
Niue,5,1971-01-01
Niue,5,1972-01-01
Niue,5,1973-01-01
Niue,5,1974-01-01
Niue,4,1975-01-01
Niue,4,1976-01-01
Niue,4,1977-01-01
Niue,4,1978-01-01
Niue,4,1979-01-01
Niue,4,1980-01-01
Niue,4,1981-01-01
Niue,3,1982-01-01
Niue,3,1983-01-01
Niue,3,1984-01-01
Niue,3,1985-01-01
Niue,3,1986-01-01
Niue,3,1987-01-01
Niue,3,1988-01-01
Niue,3,1989-01-01
Niue,3,1990-01-01
Niue,3,1991-01-01
Niue,2,1992-01-01
Niue,2,1993-01-01
Niue,2,1994-01-01
Niue,2,1995-01-01
Niue,2,1996-01-01
Niue,2,1997-01-01
Niue,2,1998-01-01
Niue,2,1999-01-01
Niue,2,2000-01-01
Niue,2,2001-01-01
Niue,2,2002-01-01
Niue,2,2003-01-01
Niue,2,2004-01-01
Niue,2,2005-01-01
Niue,2,2006-01-01
Niue,2,2007-01-01
Niue,2,2008-01-01
Niue,2,2009-01-01
Niue,2,2010-01-01
Niue,2,2011-01-01
Niue,2,2012-01-01
Niue,2,2013-01-01
Niue,2,2014-01-01
Niue,2,2015-01-01
Niue,2,2016-01-01
Niue,2,2017-01-01
Niue,2,2018-01-01
Niue,2,2019-01-01
Niue,2,2020-01-01
Niue,2,2021-01-01
Samoa,87,1950-01-01
Samoa,89,1951-01-01
Samoa,91,1952-01-01
Samoa,93,1953-01-01
Samoa,95,1954-01-01
Samoa,97,1955-01-01
Samoa,99,1956-01-01
Samoa,102,1957-01-01
Samoa,105,1958-01-01
Samoa,108,1959-01-01
Samoa,112,1960-01-01
Samoa,115,1961-01-01
Samoa,119,1962-01-01
Samoa,122,1963-01-01
Samoa,125,1964-01-01
Samoa,128,1965-01-01
Samoa,131,1966-01-01
Samoa,134,1967-01-01
Samoa,137,1968-01-01
Samoa,139,1969-01-01
Samoa,142,1970-01-01
Samoa,144,1971-01-01
Samoa,146,1972-01-01
Samoa,148,1973-01-01
Samoa,151,1974-01-01
Samoa,154,1975-01-01
Samoa,157,1976-01-01
Samoa,160,1977-01-01
Samoa,161,1978-01-01
Samoa,163,1979-01-01
Samoa,164,1980-01-01
Samoa,166,1981-01-01
Samoa,167,1982-01-01
Samoa,167,1983-01-01
Samoa,167,1984-01-01
Samoa,167,1985-01-01
Samoa,166,1986-01-01
Samoa,166,1987-01-01
Samoa,167,1988-01-01
Samoa,168,1989-01-01
Samoa,168,1990-01-01
Samoa,168,1991-01-01
Samoa,169,1992-01-01
Samoa,171,1993-01-01
Samoa,172,1994-01-01
Samoa,174,1995-01-01
Samoa,176,1996-01-01
Samoa,178,1997-01-01
Samoa,179,1998-01-01
Samoa,181,1999-01-01
Samoa,183,2000-01-01
Samoa,185,2001-01-01
Samoa,186,2002-01-01
Samoa,187,2003-01-01
Samoa,188,2004-01-01
Samoa,188,2005-01-01
Samoa,189,2006-01-01
Samoa,190,2007-01-01
Samoa,191,2008-01-01
Samoa,192,2009-01-01
Samoa,194,2010-01-01
Samoa,195,2011-01-01
Samoa,197,2012-01-01
Samoa,199,2013-01-01
Samoa,201,2014-01-01
Samoa,203,2015-01-01
Samoa,204,2016-01-01
Samoa,207,2017-01-01
Samoa,209,2018-01-01
Samoa,211,2019-01-01
Samoa,213,2020-01-01
Samoa,217,2021-01-01
Tokelau,2,1950-01-01
Tokelau,2,1951-01-01
Tokelau,2,1952-01-01
Tokelau,2,1953-01-01
Tokelau,2,1954-01-01
Tokelau,2,1955-01-01
Tokelau,2,1956-01-01
Tokelau,2,1957-01-01
Tokelau,2,1958-01-01
Tokelau,2,1959-01-01
Tokelau,2,1960-01-01
Tokelau,2,1961-01-01
Tokelau,2,1962-01-01
Tokelau,2,1963-01-01
Tokelau,2,1964-01-01
Tokelau,2,1965-01-01
Tokelau,2,1966-01-01
Tokelau,2,1967-01-01
Tokelau,2,1968-01-01
Tokelau,2,1969-01-01
Tokelau,2,1970-01-01
Tokelau,2,1971-01-01
Tokelau,2,1972-01-01
Tokelau,2,1973-01-01
Tokelau,2,1974-01-01
Tokelau,2,1975-01-01
Tokelau,2,1976-01-01
Tokelau,2,1977-01-01
Tokelau,2,1978-01-01
Tokelau,2,1979-01-01
Tokelau,2,1980-01-01
Tokelau,2,1981-01-01
Tokelau,2,1982-01-01
Tokelau,2,1983-01-01
Tokelau,2,1984-01-01
Tokelau,2,1985-01-01
Tokelau,2,1986-01-01
Tokelau,2,1987-01-01
Tokelau,2,1988-01-01
Tokelau,2,1989-01-01
Tokelau,2,1990-01-01
Tokelau,2,1991-01-01
Tokelau,2,1992-01-01
Tokelau,2,1993-01-01
Tokelau,2,1994-01-01
Tokelau,2,1995-01-01
Tokelau,2,1996-01-01
Tokelau,2,1997-01-01
Tokelau,2,1998-01-01
Tokelau,2,1999-01-01
Tokelau,2,2000-01-01
Tokelau,2,2001-01-01
Tokelau,2,2002-01-01
Tokelau,2,2003-01-01
Tokelau,2,2004-01-01
Tokelau,1,2005-01-01
Tokelau,1,2006-01-01
Tokelau,1,2007-01-01
Tokelau,1,2008-01-01
Tokelau,1,2009-01-01
Tokelau,1,2010-01-01
Tokelau,1,2011-01-01
Tokelau,1,2012-01-01
Tokelau,1,2013-01-01
Tokelau,2,2014-01-01
Tokelau,1,2015-01-01
Tokelau,1,2016-01-01
Tokelau,1,2017-01-01
Tokelau,2,2018-01-01
Tokelau,2,2019-01-01
Tokelau,2,2020-01-01
Tokelau,2,2021-01-01
Tonga,49,1950-01-01
Tonga,51,1951-01-01
Tonga,52,1952-01-01
Tonga,54,1953-01-01
Tonga,55,1954-01-01
Tonga,57,1955-01-01
Tonga,59,1956-01-01
Tonga,61,1957-01-01
Tonga,63,1958-01-01
Tonga,65,1959-01-01
Tonga,66,1960-01-01
Tonga,68,1961-01-01
Tonga,70,1962-01-01
Tonga,72,1963-01-01
Tonga,74,1964-01-01
Tonga,77,1965-01-01
Tonga,79,1966-01-01
Tonga,81,1967-01-01
Tonga,83,1968-01-01
Tonga,84,1969-01-01
Tonga,86,1970-01-01
Tonga,87,1971-01-01
Tonga,89,1972-01-01
Tonga,90,1973-01-01
Tonga,91,1974-01-01
Tonga,93,1975-01-01
Tonga,94,1976-01-01
Tonga,96,1977-01-01
Tonga,96,1978-01-01
Tonga,96,1979-01-01
Tonga,97,1980-01-01
Tonga,97,1981-01-01
Tonga,97,1982-01-01
Tonga,97,1983-01-01
Tonga,97,1984-01-01
Tonga,97,1985-01-01
Tonga,97,1986-01-01
Tonga,97,1987-01-01
Tonga,98,1988-01-01
Tonga,98,1989-01-01
Tonga,99,1990-01-01
Tonga,99,1991-01-01
Tonga,99,1992-01-01
Tonga,99,1993-01-01
Tonga,100,1994-01-01
Tonga,100,1995-01-01
Tonga,100,1996-01-01
Tonga,100,1997-01-01
Tonga,101,1998-01-01
Tonga,102,1999-01-01
Tonga,102,2000-01-01
Tonga,103,2001-01-01
Tonga,104,2002-01-01
Tonga,104,2003-01-01
Tonga,105,2004-01-01
Tonga,105,2005-01-01
Tonga,106,2006-01-01
Tonga,106,2007-01-01
Tonga,107,2008-01-01
Tonga,107,2009-01-01
Tonga,107,2010-01-01
Tonga,108,2011-01-01
Tonga,108,2012-01-01
Tonga,107,2013-01-01
Tonga,107,2014-01-01
Tonga,106,2015-01-01
Tonga,106,2016-01-01
Tonga,106,2017-01-01
Tonga,105,2018-01-01
Tonga,105,2019-01-01
Tonga,105,2020-01-01
Tonga,106,2021-01-01
Tuvalu,5,1950-01-01
Tuvalu,5,1951-01-01
Tuvalu,5,1952-01-01
Tuvalu,5,1953-01-01
Tuvalu,5,1954-01-01
Tuvalu,5,1955-01-01
Tuvalu,5,1956-01-01
Tuvalu,5,1957-01-01
Tuvalu,5,1958-01-01
Tuvalu,5,1959-01-01
Tuvalu,5,1960-01-01
Tuvalu,5,1961-01-01
Tuvalu,5,1962-01-01
Tuvalu,5,1963-01-01
Tuvalu,6,1964-01-01
Tuvalu,6,1965-01-01
Tuvalu,6,1966-01-01
Tuvalu,6,1967-01-01
Tuvalu,6,1968-01-01
Tuvalu,6,1969-01-01
Tuvalu,6,1970-01-01
Tuvalu,6,1971-01-01
Tuvalu,6,1972-01-01
Tuvalu,6,1973-01-01
Tuvalu,6,1974-01-01
Tuvalu,6,1975-01-01
Tuvalu,7,1976-01-01
Tuvalu,7,1977-01-01
Tuvalu,7,1978-01-01
Tuvalu,7,1979-01-01
Tuvalu,8,1980-01-01
Tuvalu,8,1981-01-01
Tuvalu,8,1982-01-01
Tuvalu,8,1983-01-01
Tuvalu,8,1984-01-01
Tuvalu,8,1985-01-01
Tuvalu,8,1986-01-01
Tuvalu,9,1987-01-01
Tuvalu,9,1988-01-01
Tuvalu,9,1989-01-01
Tuvalu,9,1990-01-01
Tuvalu,9,1991-01-01
Tuvalu,9,1992-01-01
Tuvalu,9,1993-01-01
Tuvalu,10,1994-01-01
Tuvalu,10,1995-01-01
Tuvalu,10,1996-01-01
Tuvalu,10,1997-01-01
Tuvalu,10,1998-01-01
Tuvalu,10,1999-01-01
Tuvalu,10,2000-01-01
Tuvalu,10,2001-01-01
Tuvalu,10,2002-01-01
Tuvalu,10,2003-01-01
Tuvalu,10,2004-01-01
Tuvalu,10,2005-01-01
Tuvalu,10,2006-01-01
Tuvalu,10,2007-01-01
Tuvalu,10,2008-01-01
Tuvalu,10,2009-01-01
Tuvalu,10,2010-01-01
Tuvalu,11,2011-01-01
Tuvalu,11,2012-01-01
Tuvalu,11,2013-01-01
Tuvalu,11,2014-01-01
Tuvalu,11,2015-01-01
Tuvalu,11,2016-01-01
Tuvalu,11,2017-01-01
Tuvalu,11,2018-01-01
Tuvalu,11,2019-01-01
Tuvalu,11,2020-01-01
Tuvalu,11,2021-01-01
Wallis and Futuna Islands,8,1950-01-01
Wallis and Futuna Islands,9,1951-01-01
Wallis and Futuna Islands,9,1952-01-01
Wallis and Futuna Islands,9,1953-01-01
Wallis and Futuna Islands,10,1954-01-01
Wallis and Futuna Islands,10,1955-01-01
Wallis and Futuna Islands,10,1956-01-01
Wallis and Futuna Islands,9,1957-01-01
Wallis and Futuna Islands,9,1958-01-01
Wallis and Futuna Islands,9,1959-01-01
Wallis and Futuna Islands,9,1960-01-01
Wallis and Futuna Islands,9,1961-01-01
Wallis and Futuna Islands,8,1962-01-01
Wallis and Futuna Islands,9,1963-01-01
Wallis and Futuna Islands,9,1964-01-01
Wallis and Futuna Islands,9,1965-01-01
Wallis and Futuna Islands,9,1966-01-01
Wallis and Futuna Islands,9,1967-01-01
Wallis and Futuna Islands,9,1968-01-01
Wallis and Futuna Islands,9,1969-01-01
Wallis and Futuna Islands,9,1970-01-01
Wallis and Futuna Islands,9,1971-01-01
Wallis and Futuna Islands,10,1972-01-01
Wallis and Futuna Islands,10,1973-01-01
Wallis and Futuna Islands,10,1974-01-01
Wallis and Futuna Islands,10,1975-01-01
Wallis and Futuna Islands,10,1976-01-01
Wallis and Futuna Islands,10,1977-01-01
Wallis and Futuna Islands,10,1978-01-01
Wallis and Futuna Islands,11,1979-01-01
Wallis and Futuna Islands,11,1980-01-01
Wallis and Futuna Islands,12,1981-01-01
Wallis and Futuna Islands,12,1982-01-01
Wallis and Futuna Islands,12,1983-01-01
Wallis and Futuna Islands,13,1984-01-01
Wallis and Futuna Islands,13,1985-01-01
Wallis and Futuna Islands,13,1986-01-01
Wallis and Futuna Islands,13,1987-01-01
Wallis and Futuna Islands,13,1988-01-01
Wallis and Futuna Islands,13,1989-01-01
Wallis and Futuna Islands,13,1990-01-01
Wallis and Futuna Islands,14,1991-01-01
Wallis and Futuna Islands,14,1992-01-01
Wallis and Futuna Islands,14,1993-01-01
Wallis and Futuna Islands,14,1994-01-01
Wallis and Futuna Islands,14,1995-01-01
Wallis and Futuna Islands,14,1996-01-01
Wallis and Futuna Islands,14,1997-01-01
Wallis and Futuna Islands,14,1998-01-01
Wallis and Futuna Islands,15,1999-01-01
Wallis and Futuna Islands,15,2000-01-01
Wallis and Futuna Islands,15,2001-01-01
Wallis and Futuna Islands,15,2002-01-01
Wallis and Futuna Islands,15,2003-01-01
Wallis and Futuna Islands,15,2004-01-01
Wallis and Futuna Islands,15,2005-01-01
Wallis and Futuna Islands,14,2006-01-01
Wallis and Futuna Islands,14,2007-01-01
Wallis and Futuna Islands,14,2008-01-01
Wallis and Futuna Islands,14,2009-01-01
Wallis and Futuna Islands,13,2010-01-01
Wallis and Futuna Islands,13,2011-01-01
Wallis and Futuna Islands,13,2012-01-01
Wallis and Futuna Islands,13,2013-01-01
Wallis and Futuna Islands,12,2014-01-01
Wallis and Futuna Islands,12,2015-01-01
Wallis and Futuna Islands,12,2016-01-01
Wallis and Futuna Islands,12,2017-01-01
Wallis and Futuna Islands,12,2018-01-01
Wallis and Futuna Islands,12,2019-01-01
Wallis and Futuna Islands,12,2020-01-01
Wallis and Futuna Islands,12,2021-01-01
